{
  "timestamp": "2026-01-29T03:17:06.771Z",
  "individual": {
    "search": {
      "base": 7.716666666666667,
      "momentum": 0.6666666666666666,
      "final": 8.745555555555555
    },
    "trend": {
      "base": 5,
      "final": 5
    },
    "social": {
      "sentiment": 5,
      "engagement": 5,
      "final": 5
    },
    "intent": {
      "source": "hubspot_crm",
      "win_rate": 42.3,
      "contact_conversion_rate": 21.8,
      "avg_conversions": 1.45,
      "final": 3.216
    }
  },
  "overall": 5.424355555555556,
  "weights": {
    "search": 0.28,
    "trend": 0.15,
    "social": 0.22,
    "intent": 0.35
  }
}