{
  "timestamp": "2026-02-09T14:53:48.099Z",
  "individual": {
    "search": {
      "base": 7.716666666666667,
      "momentum": 0.6666666666666666,
      "final": 8.745555555555555
    },
    "trend": {
      "base": 7.9,
      "final": 7.9
    },
    "social": {
      "sentiment": 5,
      "engagement": 5,
      "final": 5
    },
    "intent": {
      "source": "hubspot_crm",
      "win_rate": 78.3,
      "contact_conversion_rate": 76.2,
      "avg_conversions": 1.05,
      "final": 6.048
    }
  },
  "overall": 6.850555555555555,
  "weights": {
    "search": 0.28,
    "trend": 0.15,
    "social": 0.22,
    "intent": 0.35
  }
}